filename,label
filename,label
bark_20260316_160915.mp3,not_bark
bark_20260316_161127.mp3,not_bark
bark_20260316_161159.mp3,not_bark
bark_20260316_161454.mp3,not_bark
bark_20260316_161743.mp3,not_bark
bark_20260316_161902.mp3,not_bark
bark_20260316_161940.mp3,not_bark
bark_20260316_162730.mp3,not_bark
bark_20260316_163104.mp3,not_bark
bark_20260316_163307.mp3,not_bark
bark_20260316_163325.mp3,not_bark
bark_20260316_163341.mp3,not_bark
bark_20260316_163527.mp3,not_bark
bark_20260316_165333.mp3,not_bark
bark_20260316_165736.mp3,not_bark
bark_20260316_165752.mp3,not_bark
bark_20260316_165811.mp3,not_bark
bark_20260316_165856.mp3,not_bark
bark_20260316_165923.mp3,not_bark
bark_20260316_165939.mp3,not_bark
bark_20260316_170046.mp3,not_bark
bark_20260316_170102.mp3,not_bark
bark_20260316_170134.mp3,not_bark
bark_20260316_170317.mp3,not_bark
bark_20260316_170509.mp3,not_bark
bark_20260316_170522.mp3,not_bark
bark_20260316_170602.mp3,not_bark
bark_20260316_171320.mp3,not_bark
bark_20260316_172234.mp3,not_bark
bark_20260316_172718.mp3,not_bark
bark_20260316_172745.mp3,not_bark
bark_20260316_172830.mp3,not_bark
bark_20260316_174930.mp3,not_bark
bark_20260316_182111.mp3,not_bark
bark_20260316_182206.mp3,not_bark
bark_20260316_182300.mp3,not_bark
bark_20260316_182317.mp3,not_bark
bark_20260316_183136.mp3,not_bark
bark_20260316_183149.mp3,not_bark
bark_20260316_183216.mp3,not_bark
bark_20260316_183440.mp3,not_bark
bark_20260316_183504.mp3,not_bark
bark_20260316_183520.mp3,not_bark
bark_20260316_183539.mp3,not_bark
bark_20260316_184456.mp3,not_bark
bark_20260316_184609.mp3,not_bark
bark_20260316_184633.mp3,not_bark
bark_20260316_184701.mp3,not_bark
bark_20260316_184741.mp3,not_bark
bark_20260316_184846.mp3,not_bark
bark_20260316_184917.mp3,not_bark
bark_20260316_184932.mp3,not_bark
bark_20260316_185002.mp3,not_bark
bark_20260316_185044.mp3,not_bark
bark_20260316_185101.mp3,not_bark
bark_20260316_185141.mp3,not_bark
bark_20260316_185352.mp3,not_bark
bark_20260316_185446.mp3,not_bark
bark_20260316_185609.mp3,not_bark
bark_20260316_185726.mp3,not_bark
bark_20260316_185840.mp3,not_bark
bark_20260316_190337.mp3,not_bark
bark_20260316_190457.mp3,not_bark
bark_20260316_190634.mp3,not_bark
bark_20260316_191034.mp3,not_bark
bark_20260316_191209.mp3,not_bark
bark_20260316_191546.mp3,not_bark
bark_20260316_191645.mp3,not_bark
bark_20260316_191700.mp3,not_bark
bark_20260316_191749.mp3,not_bark
bark_20260316_192001.mp3,not_bark
bark_20260316_192039.mp3,not_bark
bark_20260316_192337.mp3,not_bark
bark_20260316_192534.mp3,not_bark
bark_20260316_192631.mp3,not_bark
bark_20260316_192754.mp3,not_bark
bark_20260316_192904.mp3,not_bark
bark_20260316_192945.mp3,not_bark
bark_20260316_193302.mp3,not_bark
bark_20260316_193328.mp3,not_bark
bark_20260316_193511.mp3,bark
bark_20260316_194040.mp3,not_bark
bark_20260316_194253.mp3,not_bark
bark_20260316_194409.mp3,not_bark
bark_20260316_194437.mp3,not_bark
bark_20260316_194731.mp3,not_bark
bark_20260316_194943.mp3,not_bark
bark_20260316_195017.mp3,bark
bark_20260316_195036.mp3,bark
bark_20260316_195105.mp3,bark
bark_20260316_195137.mp3,not_bark
bark_20260316_195349.mp3,not_bark
bark_20260316_195605.mp3,not_bark
bark_20260316_200639.mp3,not_bark
bark_20260316_201031.mp3,not_bark
bark_20260316_201100.mp3,not_bark
bark_20260316_201114.mp3,not_bark
bark_20260316_201132.mp3,not_bark
bark_20260316_201337.mp3,not_bark
bark_20260316_201555.mp3,not_bark
bark_20260316_201622.mp3,not_bark
bark_20260316_201803.mp3,not_bark
bark_20260316_201830.mp3,not_bark
bark_20260316_202323.mp3,not_bark
bark_20260316_203145.mp3,bark
bark_20260316_204018.mp3,not_bark
bark_20260316_204521.mp3,not_bark
bark_20260316_204555.mp3,not_bark
bark_20260316_204623.mp3,not_bark
bark_20260316_204908.mp3,not_bark
bark_20260316_205014.mp3,not_bark
bark_20260316_205304.mp3,not_bark
bark_20260316_210827.mp3,not_bark
bark_20260316_211142.mp3,not_bark
bark_20260316_211319.mp3,not_bark
bark_20260316_211345.mp3,not_bark
bark_20260316_212135.mp3,not_bark
bark_20260316_212529.mp3,not_bark
bark_20260316_212542.mp3,not_bark
bark_20260316_215059.mp3,not_bark
bark_20260316_215112.mp3,not_bark
bark_20260316_224741.mp3,not_bark
bark_20260317_072526.mp3,not_bark
bark_20260317_072907.mp3,not_bark
bark_20260317_072941.mp3,not_bark
bark_20260317_073419.mp3,not_bark
bark_20260317_073733.mp3,not_bark
bark_20260317_073832.mp3,not_bark
bark_20260317_073851.mp3,not_bark
bark_20260317_073909.mp3,not_bark
bark_20260317_074044.mp3,not_bark
bark_20260317_074057.mp3,not_bark
bark_20260317_074547.mp3,not_bark
bark_20260317_074617.mp3,not_bark
bark_20260317_075339.mp3,not_bark
bark_20260317_075603.mp3,not_bark
bark_20260317_080010.mp3,not_bark
bark_20260317_080027.mp3,not_bark
bark_20260317_080053.mp3,not_bark
bark_20260317_080116.mp3,not_bark
bark_20260317_081232.mp3,not_bark
bark_20260317_081246.mp3,not_bark
bark_20260317_082225.mp3,not_bark
bark_20260317_082411.mp3,not_bark
bark_20260317_082434.mp3,not_bark
bark_20260317_082526.mp3,not_bark
bark_20260317_083024.mp3,not_bark
bark_20260317_084435.mp3,not_bark
bark_20260317_091027.mp3,not_bark
bark_20260317_093021.mp3,not_bark
bark_20260317_093136.mp3,not_bark
bark_20260317_093231.mp3,not_bark
bark_20260317_093442.mp3,not_bark
bark_20260317_093619.mp3,not_bark
bark_20260317_094255.mp3,not_bark
bark_20260317_094756.mp3,not_bark
bark_20260317_095451.mp3,not_bark
bark_20260317_095516.mp3,not_bark
bark_20260317_100047.mp3,not_bark
bark_20260317_100306.mp3,not_bark
bark_20260317_100317.mp3,not_bark
bark_20260317_100333.mp3,not_bark
bark_20260317_100539.mp3,not_bark
bark_20260317_101529.mp3,not_bark
bark_20260317_101630.mp3,not_bark
bark_20260317_101731.mp3,not_bark
bark_20260317_101912.mp3,not_bark
bark_20260317_102140.mp3,not_bark
bark_20260317_102307.mp3,not_bark
bark_20260317_102455.mp3,not_bark
bark_20260317_102715.mp3,not_bark
bark_20260317_102728.mp3,not_bark
bark_20260317_102738.mp3,not_bark
bark_20260317_102756.mp3,not_bark
bark_20260317_102814.mp3,not_bark
bark_20260317_102853.mp3,not_bark
bark_20260317_102914.mp3,not_bark
bark_20260317_103113.mp3,not_bark
bark_20260317_103124.mp3,not_bark
bark_20260317_103150.mp3,not_bark
bark_20260317_110514.mp3,not_bark
bark_20260317_110931.mp3,not_bark
bark_20260317_113547.mp3,not_bark
bark_20260317_114624.mp3,not_bark
bark_20260317_120416.mp3,not_bark
bark_20260317_124221.mp3,bark
bark_20260317_124306.mp3,not_bark
bark_20260317_124838.mp3,not_bark
bark_20260317_124851.mp3,not_bark
bark_20260317_125754.mp3,not_bark
bark_20260317_125809.mp3,not_bark
bark_20260317_141103.mp3,not_bark
bark_20260317_142130.mp3,not_bark
bark_20260317_142148.mp3,not_bark
bark_20260317_142258.mp3,not_bark
bark_20260317_142310.mp3,not_bark
bark_20260317_142320.mp3,not_bark
bark_20260317_143447.mp3,not_bark
bark_20260317_143600.mp3,not_bark
bark_20260317_143615.mp3,not_bark
bark_20260317_143626.mp3,not_bark
bark_20260317_143807.mp3,not_bark
bark_20260317_145400.mp3,not_bark
bark_20260317_145422.mp3,not_bark
bark_20260317_152140.mp3,not_bark
bark_20260317_152401.mp3,not_bark
bark_20260317_152634.mp3,not_bark
bark_20260317_152749.mp3,not_bark
bark_20260317_153616.mp3,not_bark
bark_20260317_153641.mp3,not_bark
bark_20260317_153702.mp3,not_bark
bark_20260317_153718.mp3,not_bark
bark_20260317_153924.mp3,not_bark
bark_20260317_154554.mp3,not_bark
bark_20260317_154932.mp3,not_bark
bark_20260317_155401.mp3,not_bark
bark_20260317_155412.mp3,not_bark
bark_20260317_155426.mp3,not_bark
bark_20260317_163246.mp3,not_bark
bark_20260317_163306.mp3,not_bark
bark_20260317_164740.mp3,not_bark
bark_20260317_164755.mp3,not_bark
bark_20260317_170316.mp3,not_bark
bark_20260317_170348.mp3,not_bark
bark_20260317_170407.mp3,not_bark
bark_20260317_170500.mp3,bark
bark_20260317_170515.mp3,bark
bark_20260317_173700.mp3,not_bark
bark_20260317_174325.mp3,not_bark
bark_20260317_174336.mp3,not_bark
bark_20260317_174440.mp3,not_bark
bark_20260317_174451.mp3,not_bark
bark_20260317_174750.mp3,not_bark
bark_20260317_174802.mp3,not_bark
bark_20260317_174812.mp3,not_bark
bark_20260317_174823.mp3,not_bark
bark_20260317_174908.mp3,not_bark
bark_20260317_175018.mp3,not_bark
bark_20260317_180407.mp3,not_bark
bark_20260317_180429.mp3,not_bark
bark_20260317_180441.mp3,not_bark
bark_20260317_180451.mp3,bark
bark_20260317_180501.mp3,bark
bark_20260317_180512.mp3,not_bark
bark_20260317_180522.mp3,bark
bark_20260317_180536.mp3,bark
bark_20260317_180844.mp3,not_bark
bark_20260317_180904.mp3,not_bark
bark_20260317_180918.mp3,not_bark
bark_20260317_181134.mp3,not_bark
bark_20260317_181157.mp3,bark
bark_20260317_181208.mp3,not_bark
bark_20260317_181326.mp3,not_bark
bark_20260317_181346.mp3,not_bark
bark_20260317_182009.mp3,bark
bark_20260317_182027.mp3,not_bark
bark_20260317_182046.mp3,not_bark
bark_20260317_182059.mp3,not_bark
bark_20260317_182152.mp3,not_bark
bark_20260317_182420.mp3,not_bark
bark_20260317_182453.mp3,bark
bark_20260317_182526.mp3,not_bark
bark_20260317_182553.mp3,bark
bark_20260317_182627.mp3,not_bark
bark_20260317_182720.mp3,not_bark
bark_20260317_182756.mp3,not_bark
bark_20260317_182807.mp3,not_bark
bark_20260317_182818.mp3,not_bark
bark_20260317_182830.mp3,not_bark
bark_20260317_182840.mp3,not_bark
bark_20260317_182851.mp3,not_bark
bark_20260317_182901.mp3,not_bark
bark_20260317_182913.mp3,not_bark
bark_20260317_182924.mp3,not_bark
bark_20260317_183125.mp3,not_bark
bark_20260317_183311.mp3,not_bark
bark_20260317_183448.mp3,not_bark
bark_20260317_183458.mp3,not_bark
bark_20260317_183508.mp3,not_bark
bark_20260317_183519.mp3,not_bark
bark_20260317_183529.mp3,not_bark
bark_20260317_183540.mp3,not_bark
bark_20260317_183550.mp3,not_bark
bark_20260317_183601.mp3,not_bark
bark_20260317_183612.mp3,not_bark
bark_20260317_183622.mp3,not_bark
bark_20260317_183633.mp3,not_bark
bark_20260317_183643.mp3,not_bark
bark_20260317_183655.mp3,not_bark
bark_20260317_183731.mp3,not_bark
bark_20260317_183905.mp3,not_bark
bark_20260317_185405.mp3,not_bark
bark_20260317_185430.mp3,not_bark
bark_20260317_185448.mp3,not_bark
bark_20260317_185500.mp3,not_bark
bark_20260317_185511.mp3,not_bark
bark_20260317_191321.mp3,not_bark
bark_20260317_191334.mp3,bark
bark_20260317_191345.mp3,bark
bark_20260317_191356.mp3,not_bark
bark_20260317_191506.mp3,not_bark
bark_20260317_191609.mp3,not_bark
bark_20260317_192636.mp3,not_bark
bark_20260317_193800.mp3,not_bark
bark_20260317_193822.mp3,not_bark
bark_20260317_193901.mp3,not_bark
bark_20260317_193915.mp3,not_bark
bark_20260317_193928.mp3,not_bark
bark_20260317_194040.mp3,not_bark
bark_20260317_194539.mp3,not_bark
bark_20260317_194557.mp3,not_bark
bark_20260317_194607.mp3,not_bark
bark_20260317_194625.mp3,not_bark
bark_20260317_194638.mp3,not_bark
bark_20260317_194648.mp3,not_bark
bark_20260317_194659.mp3,not_bark
bark_20260317_194828.mp3,not_bark
bark_20260317_195606.mp3,not_bark
bark_20260317_195839.mp3,not_bark
bark_20260317_203339.mp3,not_bark
bark_20260317_204057.mp3,not_bark
bark_20260317_210131.mp3,not_bark
bark_20260318_012137.mp3,bark
bark_20260318_012538.mp3,not_bark
bark_20260318_012607.mp3,not_bark
bark_20260318_012617.mp3,not_bark
bark_20260318_012628.mp3,not_bark
bark_20260318_012638.mp3,not_bark
bark_20260318_012810.mp3,not_bark
bark_20260318_012831.mp3,not_bark
bark_20260318_012842.mp3,not_bark
bark_20260318_012853.mp3,not_bark
bark_20260318_012904.mp3,not_bark
bark_20260318_012914.mp3,not_bark
bark_20260318_013049.mp3,not_bark
bark_20260318_013130.mp3,not_bark
bark_20260318_013203.mp3,not_bark
bark_20260318_013222.mp3,not_bark
bark_20260318_013233.mp3,not_bark
bark_20260318_013243.mp3,not_bark
bark_20260318_013254.mp3,not_bark
bark_20260318_013304.mp3,not_bark
bark_20260318_013317.mp3,not_bark
bark_20260318_013328.mp3,not_bark
bark_20260318_013338.mp3,not_bark
bark_20260318_013401.mp3,not_bark
bark_20260318_013422.mp3,not_bark
bark_20260318_013433.mp3,not_bark
bark_20260318_013444.mp3,not_bark
bark_20260318_013454.mp3,not_bark
bark_20260318_013504.mp3,not_bark
bark_20260318_013516.mp3,not_bark
bark_20260318_013527.mp3,not_bark
bark_20260318_013537.mp3,not_bark
bark_20260318_013548.mp3,not_bark
bark_20260318_013558.mp3,not_bark
bark_20260318_013609.mp3,not_bark
bark_20260318_013620.mp3,not_bark
bark_20260318_013630.mp3,not_bark
bark_20260318_013641.mp3,not_bark
bark_20260318_013652.mp3,not_bark
bark_20260318_013702.mp3,not_bark
bark_20260318_013713.mp3,not_bark
bark_20260318_013723.mp3,not_bark
bark_20260318_013734.mp3,not_bark
bark_20260318_013744.mp3,not_bark
bark_20260318_013756.mp3,not_bark
bark_20260318_013806.mp3,not_bark
bark_20260318_013817.mp3,not_bark
bark_20260318_013828.mp3,not_bark
bark_20260318_013839.mp3,not_bark
bark_20260318_013849.mp3,not_bark
bark_20260318_013900.mp3,not_bark
bark_20260318_013911.mp3,not_bark
bark_20260318_013921.mp3,not_bark
bark_20260318_013931.mp3,not_bark
bark_20260318_013942.mp3,not_bark
bark_20260318_013953.mp3,not_bark
bark_20260318_014004.mp3,not_bark
bark_20260318_014015.mp3,not_bark
bark_20260318_014026.mp3,not_bark
bark_20260318_014037.mp3,not_bark
bark_20260318_014048.mp3,not_bark
bark_20260318_014058.mp3,not_bark
bark_20260318_014109.mp3,not_bark
bark_20260318_014119.mp3,not_bark
bark_20260318_014130.mp3,not_bark
bark_20260318_014141.mp3,not_bark
bark_20260318_014152.mp3,not_bark
bark_20260318_014202.mp3,not_bark
bark_20260318_014212.mp3,not_bark
bark_20260318_014223.mp3,not_bark
bark_20260318_014233.mp3,not_bark
bark_20260318_014244.mp3,not_bark
bark_20260318_014255.mp3,not_bark
bark_20260318_014306.mp3,not_bark
bark_20260318_014316.mp3,not_bark
bark_20260318_014327.mp3,not_bark
bark_20260318_014338.mp3,not_bark
bark_20260318_014348.mp3,not_bark
bark_20260318_014359.mp3,not_bark
bark_20260318_014410.mp3,not_bark
bark_20260318_014420.mp3,not_bark
bark_20260318_014431.mp3,not_bark
bark_20260318_014441.mp3,not_bark
bark_20260318_014452.mp3,not_bark
bark_20260318_014504.mp3,not_bark
bark_20260318_014515.mp3,not_bark
bark_20260318_014525.mp3,not_bark
bark_20260318_014536.mp3,not_bark
bark_20260318_014547.mp3,not_bark
bark_20260318_014557.mp3,not_bark
bark_20260318_014608.mp3,not_bark
bark_20260318_014618.mp3,not_bark
bark_20260318_014628.mp3,not_bark
bark_20260318_014639.mp3,not_bark
bark_20260318_014650.mp3,not_bark
bark_20260318_014700.mp3,not_bark
bark_20260318_014712.mp3,not_bark
bark_20260318_014722.mp3,not_bark
bark_20260318_014733.mp3,not_bark
bark_20260318_014743.mp3,not_bark
bark_20260318_014754.mp3,not_bark
bark_20260318_014805.mp3,not_bark
bark_20260318_014815.mp3,not_bark
bark_20260318_014826.mp3,not_bark
bark_20260318_014837.mp3,not_bark
bark_20260318_014848.mp3,not_bark
bark_20260318_014858.mp3,not_bark
bark_20260318_014909.mp3,not_bark
bark_20260318_014919.mp3,not_bark
bark_20260318_014929.mp3,not_bark
bark_20260318_014939.mp3,not_bark
bark_20260318_014950.mp3,not_bark
bark_20260318_015001.mp3,not_bark
bark_20260318_015011.mp3,not_bark
bark_20260318_015021.mp3,not_bark
bark_20260318_015032.mp3,not_bark
bark_20260318_015042.mp3,not_bark
bark_20260318_015053.mp3,not_bark
bark_20260318_015105.mp3,not_bark
bark_20260318_015115.mp3,not_bark
bark_20260318_015126.mp3,not_bark
bark_20260318_015137.mp3,not_bark
bark_20260318_015147.mp3,not_bark
bark_20260318_015158.mp3,not_bark
bark_20260318_015209.mp3,not_bark
bark_20260318_015220.mp3,not_bark
bark_20260318_015230.mp3,not_bark
bark_20260318_015241.mp3,not_bark
bark_20260318_015252.mp3,not_bark
bark_20260318_015303.mp3,not_bark
bark_20260318_015313.mp3,not_bark
bark_20260318_015323.mp3,not_bark
bark_20260318_015334.mp3,not_bark
bark_20260318_015345.mp3,not_bark
bark_20260318_015355.mp3,not_bark
bark_20260318_015406.mp3,not_bark
bark_20260318_015416.mp3,not_bark
bark_20260318_015427.mp3,not_bark
bark_20260318_015438.mp3,not_bark
bark_20260318_015449.mp3,not_bark
bark_20260318_015459.mp3,not_bark
bark_20260318_015510.mp3,not_bark
bark_20260318_015521.mp3,not_bark
bark_20260318_015531.mp3,not_bark
bark_20260318_015542.mp3,not_bark
bark_20260318_015553.mp3,not_bark
bark_20260318_015604.mp3,not_bark
bark_20260318_015614.mp3,not_bark
bark_20260318_015625.mp3,not_bark
bark_20260318_015636.mp3,not_bark
bark_20260318_015646.mp3,not_bark
bark_20260318_015657.mp3,not_bark
bark_20260318_015708.mp3,not_bark
bark_20260318_015718.mp3,not_bark
bark_20260318_015729.mp3,not_bark
bark_20260318_015740.mp3,not_bark
bark_20260318_015751.mp3,not_bark
bark_20260318_015802.mp3,not_bark
bark_20260318_015812.mp3,not_bark
bark_20260318_015823.mp3,not_bark
bark_20260318_015835.mp3,not_bark
bark_20260318_015850.mp3,not_bark
bark_20260318_015902.mp3,not_bark
bark_20260318_015917.mp3,not_bark
bark_20260318_015928.mp3,not_bark
bark_20260318_015952.mp3,not_bark
bark_20260318_020009.mp3,not_bark
bark_20260318_020023.mp3,not_bark
bark_20260318_020120.mp3,not_bark
bark_20260318_020130.mp3,not_bark
bark_20260318_020141.mp3,not_bark
bark_20260318_020152.mp3,not_bark
bark_20260318_020202.mp3,not_bark
bark_20260318_020213.mp3,not_bark
bark_20260318_020223.mp3,not_bark
bark_20260318_020234.mp3,not_bark
bark_20260318_020244.mp3,not_bark
bark_20260318_020255.mp3,not_bark
bark_20260318_020309.mp3,not_bark
bark_20260318_020336.mp3,not_bark
bark_20260318_020348.mp3,not_bark
bark_20260318_020411.mp3,not_bark
bark_20260318_020449.mp3,not_bark
bark_20260318_020512.mp3,not_bark
bark_20260318_020523.mp3,not_bark
bark_20260318_020541.mp3,not_bark
bark_20260318_020553.mp3,not_bark
bark_20260318_020603.mp3,not_bark
bark_20260318_020614.mp3,not_bark
bark_20260318_020624.mp3,not_bark
bark_20260318_020636.mp3,not_bark
bark_20260318_020646.mp3,not_bark
bark_20260318_020657.mp3,not_bark
bark_20260318_020709.mp3,not_bark
bark_20260318_020719.mp3,not_bark
bark_20260318_020735.mp3,not_bark
bark_20260318_020754.mp3,not_bark
bark_20260318_020805.mp3,not_bark
bark_20260318_020815.mp3,not_bark
bark_20260318_020826.mp3,not_bark
bark_20260318_020836.mp3,not_bark
bark_20260318_020847.mp3,not_bark
bark_20260318_020857.mp3,not_bark
bark_20260318_020909.mp3,not_bark
bark_20260318_020919.mp3,not_bark
bark_20260318_020930.mp3,not_bark
bark_20260318_020940.mp3,not_bark
bark_20260318_020951.mp3,not_bark
bark_20260318_021002.mp3,not_bark
bark_20260318_021014.mp3,not_bark
bark_20260318_021033.mp3,not_bark
bark_20260318_021106.mp3,not_bark
bark_20260318_021120.mp3,not_bark
bark_20260318_021130.mp3,not_bark
bark_20260318_021442.mp3,not_bark
bark_20260318_021519.mp3,not_bark
bark_20260318_021536.mp3,not_bark
bark_20260318_021553.mp3,not_bark
bark_20260318_021609.mp3,not_bark
bark_20260318_021649.mp3,not_bark
bark_20260318_021700.mp3,not_bark
bark_20260318_021710.mp3,not_bark
bark_20260318_021730.mp3,not_bark
bark_20260318_021744.mp3,not_bark
bark_20260318_021755.mp3,not_bark
bark_20260318_021807.mp3,not_bark
bark_20260318_021826.mp3,not_bark
bark_20260318_022315.mp3,not_bark
bark_20260318_022325.mp3,not_bark
bark_20260318_022336.mp3,not_bark
bark_20260318_022347.mp3,not_bark
bark_20260318_022358.mp3,not_bark
bark_20260318_022408.mp3,not_bark
bark_20260318_022419.mp3,not_bark
bark_20260318_022437.mp3,not_bark
bark_20260318_050940.mp3,not_bark
bark_20260318_051214.mp3,not_bark
bark_20260318_065953.mp3,not_bark
bark_20260318_085058.mp3,not_bark
bark_20260318_094002.mp3,not_bark
bark_20260318_094148.mp3,not_bark
bark_20260318_094247.mp3,not_bark
bark_20260318_094345.mp3,not_bark
bark_20260318_094401.mp3,not_bark
bark_20260318_095222.mp3,not_bark
bark_20260318_095936.mp3,not_bark
bark_20260318_103010.mp3,not_bark
bark_20260318_103327.mp3,not_bark
bark_20260318_103342.mp3,not_bark
bark_20260318_111258.mp3,not_bark
bark_20260318_111342.mp3,not_bark
bark_20260318_111412.mp3,bark
bark_20260318_111451.mp3,bark
bark_20260318_111637.mp3,not_bark
bark_20260318_111650.mp3,not_bark
bark_20260318_111730.mp3,not_bark
bark_20260318_111801.mp3,not_bark
bark_20260318_111859.mp3,not_bark
bark_20260318_112019.mp3,not_bark
bark_20260318_112058.mp3,not_bark
bark_20260318_112143.mp3,not_bark
bark_20260318_112156.mp3,not_bark
bark_20260318_112211.mp3,not_bark
bark_20260318_112240.mp3,not_bark
bark_20260318_112256.mp3,not_bark
bark_20260318_112306.mp3,not_bark
bark_20260318_112323.mp3,not_bark
bark_20260318_112339.mp3,not_bark
bark_20260318_112406.mp3,not_bark
bark_20260318_112423.mp3,not_bark
bark_20260318_112446.mp3,not_bark
bark_20260318_112513.mp3,not_bark
bark_20260318_112614.mp3,not_bark
bark_20260318_112646.mp3,not_bark
bark_20260318_112833.mp3,not_bark
bark_20260318_112843.mp3,not_bark
bark_20260318_113056.mp3,not_bark
bark_20260318_113111.mp3,not_bark
bark_20260318_113256.mp3,not_bark
bark_20260318_120959.mp3,not_bark
bark_20260318_121435.mp3,bark
bark_20260318_121445.mp3,bark
bark_20260318_121456.mp3,bark
bark_20260318_121506.mp3,bark
bark_20260318_121518.mp3,bark
bark_20260318_121542.mp3,bark
bark_20260318_121931.mp3,not_bark
bark_20260318_123848.mp3,not_bark
bark_20260318_124329.mp3,not_bark
bark_20260318_124343.mp3,not_bark
bark_20260318_124457.mp3,not_bark
bark_20260318_125055.mp3,not_bark
bark_20260318_125142.mp3,not_bark
bark_20260318_125446.mp3,not_bark
bark_20260318_125654.mp3,not_bark
bark_20260318_125713.mp3,not_bark
bark_20260318_125805.mp3,not_bark
bark_20260318_125846.mp3,not_bark
bark_20260318_130025.mp3,not_bark
bark_20260318_130227.mp3,not_bark
bark_20260318_130243.mp3,not_bark
bark_20260318_130315.mp3,not_bark
bark_20260318_130406.mp3,not_bark
bark_20260318_130437.mp3,not_bark
bark_20260318_130525.mp3,not_bark
bark_20260318_130536.mp3,not_bark
bark_20260318_130609.mp3,not_bark
bark_20260318_130714.mp3,not_bark
bark_20260318_130847.mp3,not_bark
bark_20260318_131108.mp3,not_bark
bark_20260318_131131.mp3,not_bark
bark_20260318_131157.mp3,not_bark
bark_20260318_131208.mp3,not_bark
bark_20260318_131252.mp3,not_bark
bark_20260318_131306.mp3,not_bark
bark_20260318_131317.mp3,not_bark
bark_20260318_131438.mp3,not_bark
bark_20260318_131714.mp3,not_bark
bark_20260318_131757.mp3,not_bark
bark_20260318_132014.mp3,not_bark
bark_20260318_132616.mp3,not_bark
bark_20260318_132628.mp3,not_bark
bark_20260318_132848.mp3,not_bark
bark_20260318_133300.mp3,not_bark
bark_20260318_133856.mp3,not_bark
bark_20260318_134127.mp3,not_bark
bark_20260318_134926.mp3,not_bark
bark_20260318_135101.mp3,not_bark
bark_20260318_135139.mp3,not_bark
bark_20260318_135207.mp3,not_bark
bark_20260318_135330.mp3,not_bark
bark_20260318_135351.mp3,not_bark
bark_20260318_135444.mp3,not_bark
bark_20260318_135719.mp3,not_bark
bark_20260318_140157.mp3,not_bark
bark_20260318_140546.mp3,not_bark
bark_20260318_140756.mp3,not_bark
bark_20260318_140808.mp3,bark
bark_20260318_141231.mp3,not_bark
bark_20260318_141317.mp3,not_bark
bark_20260318_141328.mp3,not_bark
bark_20260318_141551.mp3,not_bark
bark_20260318_141801.mp3,not_bark
bark_20260318_141840.mp3,not_bark
bark_20260318_144753.mp3,not_bark
bark_20260318_144806.mp3,not_bark
bark_20260318_152009.mp3,bark
bark_20260318_152021.mp3,bark
bark_20260318_155824.mp3,not_bark
bark_20260318_155834.mp3,not_bark
bark_20260318_161318.mp3,not_bark
bark_20260318_163847.mp3,bark
bark_20260318_163859.mp3,bark
bark_20260318_163919.mp3,not_bark
bark_20260318_163934.mp3,not_bark
bark_20260318_164023.mp3,not_bark
bark_20260318_164240.mp3,not_bark
bark_20260318_164327.mp3,not_bark
bark_20260318_164410.mp3,not_bark
bark_20260318_164432.mp3,not_bark
bark_20260318_164458.mp3,not_bark
bark_20260318_164618.mp3,not_bark
bark_20260318_164838.mp3,not_bark
bark_20260318_173302.mp3,not_bark
bark_20260318_173326.mp3,not_bark
bark_20260318_173337.mp3,not_bark
bark_20260318_173535.mp3,not_bark
bark_20260318_173559.mp3,not_bark
bark_20260318_174515.mp3,not_bark
bark_20260323_095459.mp3,not_bark
bark_20260323_095513.mp3,not_bark
bark_20260323_095541.mp3,not_bark
bark_20260323_095556.mp3,not_bark
bark_20260323_095638.mp3,not_bark
bark_20260323_095707.mp3,not_bark
bark_20260323_095745.mp3,not_bark
bark_20260323_100205.mp3,not_bark
bark_20260323_100223.mp3,not_bark
bark_20260323_100233.mp3,not_bark
bark_20260323_100243.mp3,not_bark
bark_20260323_100254.mp3,not_bark
bark_20260323_100304.mp3,not_bark
bark_20260323_100314.mp3,not_bark
bark_20260323_100324.mp3,not_bark
bark_20260323_100340.mp3,not_bark
bark_20260323_100350.mp3,not_bark
bark_20260323_100401.mp3,not_bark
bark_20260323_100412.mp3,not_bark
bark_20260323_100422.mp3,not_bark
bark_20260323_100432.mp3,not_bark
bark_20260323_100443.mp3,not_bark
bark_20260323_100454.mp3,not_bark
bark_20260323_100504.mp3,not_bark
bark_20260323_100514.mp3,not_bark
bark_20260323_100524.mp3,not_bark
bark_20260323_100535.mp3,not_bark
bark_20260323_100545.mp3,not_bark
bark_20260323_100556.mp3,not_bark
bark_20260323_100607.mp3,not_bark
bark_20260328_130559.mp3,not_bark
bark_20260328_140656.mp3,not_bark
bark_20260328_140719.mp3,not_bark
bark_20260328_144757.mp3,not_bark
bark_20260328_150620.mp3,not_bark
bark_20260328_151330.mp3,not_bark
bark_20260328_151347.mp3,not_bark
bark_20260328_151534.mp3,not_bark
bark_20260328_151548.mp3,not_bark
bark_20260328_151600.mp3,bark
bark_20260328_151611.mp3,bark
bark_20260328_151621.mp3,not_bark
bark_20260328_151631.mp3,not_bark
bark_20260328_151641.mp3,not_bark
bark_20260328_151658.mp3,not_bark
bark_20260328_152954.mp3,not_bark
bark_20260328_153023.mp3,not_bark
bark_20260328_160552.mp3,not_bark
bark_20260328_164308.mp3,not_bark
bark_20260328_173834.mp3,not_bark
bark_20260328_174452.mp3,not_bark
bark_20260328_174519.mp3,not_bark
bark_20260328_174544.mp3,not_bark
bark_20260328_180835.mp3,not_bark
bark_20260328_181047.mp3,not_bark
bark_20260328_181349.mp3,bark
bark_20260328_184625.mp3,not_bark
bark_20260328_193724.mp3,not_bark
bark_20260328_193812.mp3,not_bark
bark_20260328_193951.mp3,not_bark
bark_20260328_194015.mp3,not_bark
bark_20260328_194027.mp3,not_bark
bark_20260328_194045.mp3,not_bark
bark_20260328_194148.mp3,not_bark
bark_20260328_194839.mp3,not_bark
bark_20260328_195025.mp3,not_bark
bark_20260328_195115.mp3,not_bark
bark_20260328_200328.mp3,not_bark
bark_20260328_200530.mp3,not_bark
bark_20260328_204325.mp3,bark
bark_20260328_204607.mp3,not_bark
bark_20260328_204745.mp3,not_bark
bark_20260328_204903.mp3,not_bark
bark_20260328_205021.mp3,not_bark
bark_20260328_205056.mp3,not_bark
bark_20260328_205133.mp3,not_bark
bark_20260328_205158.mp3,not_bark
bark_20260328_205212.mp3,not_bark
bark_20260328_205225.mp3,not_bark
bark_20260328_205755.mp3,not_bark
bark_20260328_205835.mp3,not_bark
bark_20260328_205901.mp3,not_bark
bark_20260328_205914.mp3,not_bark
bark_20260328_212026.mp3,not_bark
bark_20260328_212211.mp3,not_bark
bark_20260328_215309.mp3,not_bark
bark_20260329_084203.mp3,not_bark
bark_20260329_085111.mp3,not_bark
bark_20260329_094104.mp3,not_bark
bark_20260329_100640.mp3,not_bark
bark_20260329_100652.mp3,not_bark
bark_20260329_102621.mp3,not_bark
bark_20260329_102648.mp3,not_bark
bark_20260329_102809.mp3,not_bark
bark_20260329_102837.mp3,not_bark
bark_20260329_103314.mp3,not_bark
bark_20260329_104147.mp3,not_bark
bark_20260329_110108.mp3,not_bark
bark_20260329_110118.mp3,not_bark
bark_20260329_110151.mp3,not_bark
bark_20260329_110203.mp3,not_bark
bark_20260329_110213.mp3,not_bark
bark_20260329_110238.mp3,not_bark
bark_20260329_110249.mp3,not_bark
bark_20260329_110314.mp3,not_bark
bark_20260329_111723.mp3,not_bark
bark_20260329_111733.mp3,not_bark
bark_20260329_111748.mp3,not_bark
bark_20260329_111813.mp3,not_bark
bark_20260329_111825.mp3,not_bark
bark_20260329_150543.mp3,not_bark
bark_20260329_165021.mp3,not_bark
bark_20260329_174513.mp3,not_bark
bark_20260329_175328.mp3,not_bark
bark_20260329_175418.mp3,not_bark
bark_20260329_175448.mp3,not_bark
bark_20260329_175535.mp3,not_bark
bark_20260329_175545.mp3,not_bark
bark_20260329_175610.mp3,not_bark
bark_20260329_175621.mp3,not_bark
bark_20260329_175631.mp3,not_bark
bark_20260329_180846.mp3,not_bark
bark_20260329_180926.mp3,not_bark
bark_20260329_181130.mp3,not_bark
bark_20260329_181446.mp3,not_bark
bark_20260329_181827.mp3,not_bark
bark_20260329_181900.mp3,not_bark
bark_20260329_181911.mp3,not_bark
bark_20260329_181938.mp3,not_bark
bark_20260329_181949.mp3,not_bark
bark_20260329_182135.mp3,not_bark
bark_20260329_182212.mp3,not_bark
bark_20260329_182244.mp3,not_bark
bark_20260329_182259.mp3,not_bark
bark_20260329_182309.mp3,not_bark
bark_20260329_182321.mp3,not_bark
bark_20260329_182337.mp3,not_bark
bark_20260329_182349.mp3,not_bark
bark_20260329_182401.mp3,not_bark
bark_20260329_182414.mp3,not_bark
bark_20260329_182427.mp3,not_bark
bark_20260329_182441.mp3,not_bark
bark_20260329_182515.mp3,not_bark
bark_20260329_182531.mp3,not_bark
bark_20260329_182843.mp3,not_bark
bark_20260329_183842.mp3,not_bark
bark_20260329_191707.mp3,not_bark
bark_20260329_192131.mp3,not_bark
bark_20260329_192144.mp3,not_bark
bark_20260329_192205.mp3,not_bark
bark_20260329_192225.mp3,not_bark
bark_20260329_192242.mp3,not_bark
bark_20260329_192256.mp3,not_bark
bark_20260329_192317.mp3,not_bark
bark_20260329_192327.mp3,not_bark
bark_20260329_192342.mp3,not_bark
bark_20260329_192353.mp3,not_bark
bark_20260329_192412.mp3,not_bark
bark_20260329_192425.mp3,not_bark
bark_20260329_192440.mp3,not_bark
bark_20260329_192508.mp3,not_bark
bark_20260329_192519.mp3,not_bark
bark_20260329_194147.mp3,not_bark
bark_20260329_205519.mp3,not_bark
bark_20260329_212908.mp3,not_bark
bark_20260329_212926.mp3,not_bark
bark_20260329_223008.mp3,not_bark
bark_20260329_234219.mp3,not_bark
bark_20260329_234229.mp3,not_bark
bark_20260329_234239.mp3,not_bark
bark_20260330_090506.mp3,not_bark
bark_20260330_093538.mp3,not_bark
bark_20260330_093558.mp3,not_bark
bark_20260330_093612.mp3,not_bark
bark_20260330_094411.mp3,not_bark
bark_20260330_095207.mp3,not_bark
bark_20260330_101551.mp3,bark
bark_20260330_102021.mp3,not_bark
bark_20260330_130437.mp3,not_bark
bark_20260330_130449.mp3,not_bark
bark_20260330_131458.mp3,not_bark
bark_20260330_131516.mp3,not_bark
bark_20260330_131553.mp3,not_bark
bark_20260330_131628.mp3,not_bark
bark_20260330_131640.mp3,not_bark
bark_20260330_131651.mp3,not_bark
bark_20260330_131701.mp3,not_bark
bark_20260330_131720.mp3,not_bark
bark_20260330_131731.mp3,not_bark
bark_20260330_131741.mp3,not_bark
bark_20260330_131752.mp3,not_bark
bark_20260330_131803.mp3,not_bark
bark_20260330_131813.mp3,not_bark
bark_20260330_131824.mp3,not_bark
bark_20260330_131835.mp3,not_bark
bark_20260330_131855.mp3,not_bark
bark_20260330_131906.mp3,not_bark
bark_20260330_131929.mp3,not_bark
bark_20260330_131940.mp3,not_bark
bark_20260330_131953.mp3,bark
bark_20260330_151032.mp3,not_bark
bark_20260330_151214.mp3,not_bark
bark_20260330_151337.mp3,not_bark
bark_20260330_151356.mp3,not_bark
bark_20260330_201325.mp3,not_bark
bark_20260330_213130.mp3,not_bark
bark_20260330_214618.mp3,not_bark
bark_20260330_214657.mp3,not_bark
bark_20260330_215046.mp3,not_bark
bark_20260330_215149.mp3,not_bark
bark_20260331_072300.mp3,not_bark
bark_20260331_072408.mp3,not_bark
bark_20260331_115101.mp3,not_bark
bark_20260331_115120.mp3,not_bark
bark_20260331_115132.mp3,bark
bark_20260331_115145.mp3,not_bark
bark_20260331_115158.mp3,not_bark
bark_20260331_115232.mp3,not_bark
bark_20260331_115650.mp3,not_bark
bark_20260331_115756.mp3,not_bark
bark_20260331_115807.mp3,not_bark
bark_20260331_115901.mp3,not_bark
bark_20260331_115948.mp3,not_bark
bark_20260331_120527.mp3,not_bark
bark_20260331_120701.mp3,not_bark
bark_20260331_120821.mp3,not_bark
bark_20260331_134715.mp3,not_bark
bark_20260331_134727.mp3,not_bark
bark_20260331_134739.mp3,not_bark
bark_20260331_134750.mp3,not_bark
bark_20260331_134801.mp3,not_bark
bark_20260331_134812.mp3,not_bark
bark_20260331_134823.mp3,not_bark
bark_20260331_134835.mp3,not_bark
bark_20260331_134845.mp3,not_bark
bark_20260331_134856.mp3,not_bark
bark_20260331_184111.mp3,not_bark
bark_20260331_193117.mp3,not_bark
bark_20260331_193132.mp3,not_bark
bark_20260331_193142.mp3,not_bark
bark_20260331_193201.mp3,not_bark
bark_20260331_193309.mp3,not_bark
bark_20260331_193402.mp3,not_bark
bark_20260331_193435.mp3,not_bark
bark_20260331_214640.mp3,not_bark
bark_20260331_215714.mp3,not_bark
bark_20260331_223348.mp3,not_bark
bark_20260331_223400.mp3,not_bark
bark_20260331_223441.mp3,not_bark
bark_20260331_223607.mp3,not_bark
bark_20260401_064852.mp3,not_bark
bark_20260401_064914.mp3,not_bark
bark_20260401_065030.mp3,not_bark
bark_20260401_105010.mp3,bark
bark_20260401_105056.mp3,not_bark
bark_20260401_102859.mp3,not_bark
bark_20260401_105406.mp3,not_bark
bark_20260401_102024.mp3,not_bark
bark_20260401_120455.mp3,not_bark
bark_20260402_120515.mp3,bark
bark_20260401_144602.mp3,not_bark
bark_20260401_131114.mp3,not_bark
bark_20260402_114412.mp3,not_bark
bark_20260402_114117.mp3,not_bark
bark_20260402_120533.mp3,not_bark
bark_20260401_144625.mp3,not_bark
bark_20260402_114130.mp3,not_bark
bark_20260402_120109.mp3,not_bark
bark_20260402_121800.mp3,not_bark
bark_20260402_112148.mp3,not_bark
bark_20260402_114239.mp3,not_bark
bark_20260402_121838.mp3,bark
bark_20260402_113857.mp3,not_bark
bark_20260402_114356.mp3,not_bark
bark_20260402_111653.mp3,not_bark
bark_20260402_114229.mp3,not_bark
bark_20260402_115606.mp3,not_bark
bark_20260402_111500.mp3,not_bark
bark_20260402_114423.mp3,not_bark
bark_20260401_144451.mp3,not_bark
bark_20260401_131245.mp3,not_bark
bark_20260401_131314.mp3,not_bark
bark_20260402_114303.mp3,not_bark
bark_20260402_121853.mp3,bark
bark_20260402_114024.mp3,not_bark
bark_20260402_114434.mp3,bark
bark_20260402_114010.mp3,not_bark
bark_20260402_114156.mp3,not_bark
bark_20260401_144503.mp3,not_bark
bark_20260402_113949.mp3,not_bark
bark_20260402_114250.mp3,not_bark
bark_20260402_114106.mp3,not_bark
bark_20260402_114313.mp3,not_bark
bark_20260402_114055.mp3,not_bark
bark_20260402_114207.mp3,not_bark
bark_20260402_114144.mp3,not_bark
bark_20260402_114000.mp3,not_bark
bark_20260402_114325.mp3,not_bark
bark_20260402_114034.mp3,not_bark
bark_20260402_114340.mp3,not_bark
bark_20260402_120057.mp3,not_bark
bark_20260402_114045.mp3,not_bark
bark_20260401_144702.mp3,not_bark
bark_20260402_121934.mp3,not_bark
bark_20260403_115029.mp3,bark
bark_20260403_102951.mp3,bark
bark_20260402_172337.mp3,bark
bark_20260403_113106.mp3,not_bark
bark_20260403_110634.mp3,not_bark
bark_20260403_092825.mp3,not_bark
bark_20260403_102941.mp3,not_bark
bark_20260403_095254.mp3,not_bark
bark_20260403_113919.mp3,not_bark
bark_20260403_145646.mp3,not_bark
bark_20260403_092809.mp3,not_bark
bark_20260403_155229.mp3,not_bark
bark_20260403_161830.mp3,bark
bark_20260403_160529.mp3,not_bark
bark_20260403_161736.mp3,bark
bark_20260403_161619.mp3,bark
bark_20260403_161635.mp3,bark
bark_20260403_171740.mp3,not_bark
bark_20260403_162434.mp3,not_bark
bark_20260403_160519.mp3,not_bark
bark_20260403_160625.mp3,not_bark
bark_20260403_163219.mp3,not_bark
bark_20260403_160801.mp3,not_bark
bark_20260403_163238.mp3,not_bark
bark_20260403_164421.mp3,not_bark
bark_20260403_163131.mp3,not_bark
bark_20260403_160636.mp3,not_bark
bark_20260403_162705.mp3,not_bark
bark_20260403_163107.mp3,not_bark
bark_20260403_163017.mp3,not_bark
bark_20260403_161427.mp3,not_bark
bark_20260403_200837.mp3,not_bark
bark_20260403_204034.mp3,not_bark
bark_20260403_184714.mp3,not_bark
bark_20260403_184629.mp3,not_bark
bark_20260403_203929.mp3,not_bark
bark_20260403_184656.mp3,not_bark
bark_20260403_184921.mp3,not_bark
bark_20260403_201117.mp3,not_bark
bark_20260403_174624.mp3,not_bark
bark_20260403_181902.mp3,not_bark
bark_20260403_184905.mp3,not_bark
bark_20260403_174851.mp3,not_bark
bark_20260403_175843.mp3,not_bark
bark_20260403_184831.mp3,not_bark
bark_20260404_083755.mp3,not_bark
bark_20260404_072145.mp3,not_bark
bark_20260404_071840.mp3,not_bark
bark_20260404_072349.mp3,not_bark
bark_20260404_065221.mp3,not_bark
bark_20260404_073251.mp3,not_bark
bark_20260404_072800.mp3,not_bark
bark_20260403_211808.mp3,not_bark
bark_20260404_073750.mp3,not_bark
bark_20260404_073156.mp3,not_bark
bark_20260404_070218.mp3,not_bark
bark_20260404_081007.mp3,not_bark
bark_20260404_074633.mp3,not_bark
bark_20260404_081923.mp3,not_bark
bark_20260404_074132.mp3,not_bark
bark_20260404_074539.mp3,not_bark
bark_20260404_064300.mp3,not_bark
bark_20260406_084741.mp3,not_bark
bark_20260406_084755.mp3,not_bark
bark_20260406_085311.mp3,not_bark
bark_20260406_085323.mp3,not_bark
bark_20260407_133448.mp3,bark
bark_20260422_210922.mp3,bark
bark_20260417_204716.mp3,bark
bark_20260420_102156.mp3,bark
bark_20260418_120741.mp3,bark
bark_20260420_174715.mp3,bark
bark_20260421_170941.mp3,bark
bark_20260408_123422.mp3,bark
bark_20260423_103416.mp3,not_bark
bark_20260406_094854.mp3,bark
bark_20260421_104032.mp3,bark
bark_20260421_193413.mp3,bark
bark_20260417_214503.mp3,bark
bark_20260417_204728.mp3,bark
bark_20260418_130704.mp3,bark
bark_20260417_164937.mp3,bark
bark_20260417_114534.mp3,bark
bark_20260422_121640.mp3,bark
bark_20260419_125832.mp3,bark
bark_20260419_100835.mp3,bark
bark_20260421_122250.mp3,bark
bark_20260421_120825.mp3,bark
bark_20260420_174643.mp3,bark
bark_20260420_174704.mp3,bark
bark_20260418_112650.mp3,bark
bark_20260419_190419.mp3,not_bark
bark_20260420_103903.mp3,bark
bark_20260417_070434.mp3,bark
bark_20260423_142441.mp3,bark
bark_20260417_070306.mp3,bark
bark_20260406_145151.mp3,not_bark
bark_20260418_130729.mp3,bark
bark_20260421_120800.mp3,bark
bark_20260422_061718.mp3,not_bark
bark_20260416_132419.mp3,bark
bark_20260418_081732.mp3,not_bark
bark_20260415_212401.mp3,not_bark
bark_20260419_211412.mp3,bark
bark_20260420_061059.mp3,not_bark
bark_20260419_014805.mp3,not_bark
bark_20260415_232052.mp3,not_bark
bark_20260415_211044.mp3,not_bark
bark_20260424_194315.mp3,bark
bark_20260420_000931.mp3,not_bark
bark_20260408_092818.mp3,bark
bark_20260416_035416.mp3,not_bark
bark_20260422_044208.mp3,not_bark
bark_20260407_130748.mp3,bark
bark_20260416_020515.mp3,not_bark
bark_20260420_230747.mp3,not_bark
bark_20260420_135932.mp3,bark
bark_20260422_165815.mp3,bark
bark_20260419_171338.mp3,not_bark
bark_20260417_092258.mp3,bark
bark_20260420_190621.mp3,not_bark
bark_20260420_102143.mp3,bark
bark_20260409_100409.mp3,bark
bark_20260420_091619.mp3,not_bark
bark_20260421_143706.mp3,not_bark
bark_20260419_213935.mp3,not_bark
bark_20260416_171624.mp3,bark
bark_20260423_103952.mp3,not_bark
bark_20260419_172032.mp3,bark
bark_20260420_174739.mp3,bark
bark_20260419_100148.mp3,not_bark
bark_20260420_224848.mp3,not_bark
bark_20260415_194604.mp3,not_bark
bark_20260419_030320.mp3,not_bark
bark_20260418_181836.mp3,not_bark
bark_20260416_023406.mp3,not_bark
bark_20260419_173003.mp3,not_bark
bark_20260418_200621.mp3,not_bark
bark_20260418_200807.mp3,bark
bark_20260416_011139.mp3,not_bark
bark_20260415_232232.mp3,not_bark
bark_20260415_225721.mp3,not_bark
bark_20260420_000402.mp3,not_bark
bark_20260419_043113.mp3,not_bark
bark_20260416_202048.mp3,not_bark
bark_20260418_212009.mp3,bark
bark_20260418_192542.mp3,not_bark
bark_20260420_171650.mp3,not_bark
bark_20260417_070320.mp3,bark
bark_20260420_225418.mp3,not_bark
bark_20260416_024113.mp3,not_bark
bark_20260419_231309.mp3,not_bark
bark_20260423_110902.mp3,not_bark
bark_20260418_002104.mp3,not_bark
bark_20260406_145233.mp3,not_bark
